pool,post
5441,599049
5441,599050
5441,599051
5441,599052
5441,599053
5441,599054
5441,599055
5441,599056
5441,599057
5441,599059
5441,599060
5441,599061
5441,599062
5441,599063
5441,599064
5441,599066
5441,599067
5441,599068
25480,2929396
25480,2929401
25480,2929449
25480,2935097
25480,2935155
25480,2935241
25480,2942845
25480,2955164
25480,2955173
25480,2970615
25480,2970641
25480,2970658
25480,3694269
25480,3875028
25480,3977974
26990,3102926
26990,3114731
26990,3139767
26990,3195295
26990,3163756
26990,3176538
26990,3195078
26990,3200219
30628,3395607
30628,3397301
30628,3398817
30628,3400701
37410,4397970
37410,4397992
37410,4398004
37410,4398009
37410,4398014
37410,4398019
37410,4398025
