id,username,password_hash,role
104391,Sprinkles416,fdafc5e47dbe431022a2419d1442c490,Member
107506,Varrenlad,7a838a5c6c39dd2120e06ddb03bcdaac,Member
110271,ZacktheUmbreon1,66ee63e2c8928003d7b32bd36344717b,Member
110853,Blind Guardian,ccd0c42a23845d06c28dc8ee3a379cb2,Janitor
1110514,Wanabeddd,48de9191e7b477f8f180e3429b4dfbc2,Member
11128,null0010,0bda33ef3970071ef72d4543dce6f3ba,Moderator
1130119,Exp3ri3nce,73fef6bb2de70c9ecfcd8b1fa95663fc,Member
1132044,Robinucheer,0af4250f865b379065f10b9e3d92cfdc,Member
1136229,mongolianhoodmoment,79dd91f65af6fc75015a793a88af0d4c,Member
115300,aoru,345b582e755efe86ad71151d631e02bf,Member
11615,KloH0und,7a6dbd342aeb2b7a1f828c61a6b3384e,Moderator
1169304,user 1169304,791a0ddad7c8c217dadea3c736e150e6,Member
119687,Cookiepup,2c0150f67c34dc66e17a727c5a46e990,Member
12286,slyroon,491c318483c9a980e853744e2a913022,Janitor
1249146,Anonymoosethethird,dd7579c984a13dd3d27f67467dce3610,Member
1253685,Cyaturus,b5f04892b66618c63dd9d771f06e54aa,Member
1264066,checksum,226190d94b21d1b0c7b1a42d855e419d,Member
128310,PsixXxerR,c6d912030ce7eac34f0b5c5b670b9ddb,Member
12853,Ami~,20ac1739b7887cdb6989d59de08549ee,Admin
1288971,ILayMonsters22,17b9e664c1ad35ee30db0eb5113dd76a,Member
13065,Mittsies,af5a9217943a8cf38b67220cc83e4b65,Janitor
1311552,GibleRider,2df4d2d5b970a46b5f935b27fbb0e13f,Member
1322129,zoeyferox,0f6db22d8a979c03430e7d55a9abf8ba,Member
136079,Cane751,e892d8f7c3f421bafc18d75bd2817568,Janitor
1362085,Peter HIMO,09cec77d9bee3f00a6edc79b680ccb06,Member
140685,Scrippy,a4232868833d707b09624b1aae66454f,Member
1407498,user 1407498,c7e6a2f6fec89e5cac5baba46c5e2638,Member
141228,Cat-in-Flight,20586a8d254951efacf73df38b1ad90e,Member
1428463,CrybbySmuff,d6cf1e6f6408ca9a502683610ff872b1,Member
14350,jamesfoxbr,9e33e212fc288261cb958d9843228343,Member
1443559,E621s-glaggler,8c20e90a1e145a4fe0795b4db308209c,Member
1504289,NewGert,dda8cb22a17762fe5eb78fc8ec54a3d5,Member
152697,ShimmeringSpectrum,9f1c8ad5eeec5dc945f8f9c239e8472f,Member
154181,slytherin,bad89c180fec1606805aa6031044a56e,Member
1571137,user 1571137,9df5f226d38d9a6c2094a3db75ab93cd,Member
1589473,Draculfelis,b9c0d56c755cc362b7701aa5215b571a,Member
1604932,Endangered-Mark,ab35e28298be11f0cc1d390c075ac2e4,Member
161147,balkanfur,3dc9c5b0057a9a17f1382755e6709989,Member
162007,magnas27,991acf31cad3eb0755fbd05b46d8a9d0,Member
16311,Granberia,48dd3d519251779890991483413f0abc,Janitor
1639068,TYRANTsmoothie,8abe751804071fdac04b09fec424f350,Member
1653467,RandomlySensical,ae5c5e8e260ad5e7e3474b23c6dd4a31,Member
16883,2DUK,8c91d5ccd736d1ac42da757663e17642,Member
169756,Millcore,a7a278145a982a76a197edf6d1bebfbd,Admin
171673,Shadowstones,091429d2b6844e6ebfa44e94d0757038,Admin
1722805,EbichuDeshu,c56334ab663d9a6386181f4c98fd268f,Member
17231,user 17231,c5e9bbc06fb809505bba67c9c9b734aa,Member
174381,PasiphaÃ«,0e2f27c23e3f958a92301b7488b21d4c,Member
17633,NotMeNotYou,592f303b88ac1499a9dab48cf5e710d1,Janitor
1783923,onesome,3e68125e6e66d02dfe77d1d80a4a7b54,Member
17850,Salleh,6f52efed7720d2d9070df68f38e539c9,Member
1828878,bnnuyballs,07e7fe78f97d8abfd61aa6b1c4d87984,Member
183796,LegendaryDarkKnight,78b8e1d3a22aee1500ece99a55d75989,Member
18776,Rainbow Dash,e75e0f0a4a38ca7c5fa62c1ebd6f4177,Moderator
187929,TipTup,789f68aae54b41773d62c7c0b55e2dbe,Member
188577,KopaLionheart,2aa0807a7059145262d8782f2f6b35be,Member
197822,LxzyLux,90b57885ba13eeb1b510ccac612cfd21,Member
201598,Spotty McSpotface,36e49f774daf8a29395c44566a7eb60b,Member
208281,V-i-y-h-exe,a94b6910920a3db7f3b3cba41c0bb4d7,Member
2083,TonyCoon,5567b799a5ca6862f1034f6fea9bd79f,Member
208751,user 208751,1f79a9a84f9eecb39fe1a3d37757aa91,Member
217519,LetFurry1T,8c8be10a8e86a9c9055be5fb27fb88c9,Member
217622,Furrybob,ae2ac1a985e12c503765e41342c7d72e,Member
223381,demodragon666,823ff930ae8a0d40dc41bbf7965ca834,Member
223562,bigblack1999,e657240680d3e582e8ed8d1dfcaf20b6,Member
224736,Acron,3cfb4ef2d67e77b6cb11359eb29a3467,Member
226841,GhostDelta,181f124c3cd0aecd4aa2bd02d7207878,Member
23002,satsukii,c5a711acc8333afb60efd2757035411d,Member
231786,Otapro,947dd7b2338111245ce3771019f0fc03,Member
235354,qstdaeday,994a143988b54643291db50161941ecb,Member
239251,TheNewGuyInTown,095bf072c34b7b6a73f50357edc1f840,Member
244348,ragu,423abcc373f1ad82211b71e10d5253c9,Member
244704,Floppster123,2ab1c10a188276596b92bd9b42c667de,Member
248811,pokefan63,55c83424e4321efa1ff5abd0b01080ce,Member
251593,mapachito,57f3d947db2dc243b666b1620f1254b7,Member
253649,Photonoko,8737587cbf41f1b3ac8b0fafd4272145,Member
2546,SnJester,efdcea7c2a7d29f74b96ac6c9ca0a267,Member
255113,vex714,425ecf1b00273ef3df83ee9c6d99701a,Member
264848,Opilione,891c44516a324a01e8103276bbc85115,Member
268624,OneFattyCatty,2ad57fa95cb5c0bf9b0a9ea7ab523e90,Member
272208,Korvee,a7baa54dcf9ce5b5ca063a99f2bca127,Member
276048,JayKasai,0e55b71be783805a77c155e433893c17,Member
282818,a google user 1902 l,11b192556c1aeb5b00b3c4d433ffabe5,Member
292476,NightmareEyes,217a7b3824010bd63c008ea5e456899c,Member
293214,PossumPecker,dee45601725c0f7e2b62686798649bd2,Member
298932,Sottogattoh,22da89628d80ece26252ff5bd8479141,Member
304358,sasski,f4ed97cdb33c9e48ade7b99beb5549e5,Member
307200,jockjamdoorslam,072d49e04c8fee9fa1495ebd1cda2afe,Member
316199,WinnieTheSlut,feaf13e495e85f6d87395fbc9a98a4ce,Member
317223,EnderPon,7f481d8efd019f9b8418fe46a46d6b89,Member
317583,CosmicMewtwo,f0986b88874000e90a82672710021b8c,Member
318399,lenn-ey,0bc1a7103684fb4a40c07189988a0be9,Member
32096,semtexagon,bb3fe24c3acd777cf6b7802467b7b6b5,Member
323661,Quyuo,18cbd767d2dc2334f9afa1134c095b21,Member
32761,Shujin,4646fa7155741152c8beb31a32ec0367,Member
334205,wat8548,10f59aebc22d6c4b06f74111bc763999,Member
33842,Lance Armstrong,9476956886b16080efa847e522db5fb3,Janitor
341241,AoBird,b4e202319c9d79462959b2b3e27024d0,Member
347251,Stanislav,2ea415108cca45af534ab38e89bcddf8,Member
349518,Navi Kat,12b7b758269da76b16a68525246b8af6,Member
352523,3dmodell,37c1cc3bebd740b296df379d8d95c721,Member
353021,Toesocks,8fe072fa503fada7680d113134609d3a,Member
35757,crowshow,33f3c9ea04f99a55b07ad0ea5ece98dd,Moderator
360273,JesterHoro,83ed6f122efb9536e5e1d98c4781f317,Member
362197,TwoPapers,be4fb5a4ca0d251ed01c2b4ae6b15b7f,Member
368383,Lumen-Fox,c6d950817a0288022fc5e62430552d01,Member
38571,Mairo,d95101c1c8fa5c5940a25288ae362c84,Admin
389407,DevilMurdock,02d4e079b7fa59133cfdb470faf978d9,Member
389898,BrayanX1234,80f0bea7c583f8cdb241e1c6a51a3752,Member
39030,Robinebra,aac653b48a1ae5fab4b4ba2f44f3ccee,Member
393861,McStuffinsFox,93a907acd6ae4296e7710208dbb818a1,Member
396514,GetAGrip,9bbc604bed85459e30a259b0aa57d163,Member
396532,Fishvap,263693ae14bb3b4fbb5e4bce197cacdc,Member
400021,sybaricat,a7d4b4745b91a07a801886a9ebea0763,Member
405548,Eromancer,25d141fcc3830d15e670a5f0d662e489,Member
408693,Kenyauken,5e9c4a5ae22aa2f79707ee6102d32e87,Member
41009,titanmelon,043f470d1f9108bef9a43ada76926416,Admin
41479,Bowen Whitehooves,c928972a96b649e22b7318245d56c79a,Moderator
417600,Lhasa,19a7ad579baa4d6a47af75e82ecedd81,Member
418697,NovaArtz,c86d08a53dfb05d07480d924e3c975c0,Member
426565,JessieTank,d892d0a9947b80910f669ecfc2c2b90b,Member
430984,Temo1,9062805ad91d0b39488f29398d4fea42,Member
43596,Alt,a2e92861b757ab878312dd57993d60cf,Member
437068,Scrattshi,b879dbc48b756504176106253f72b481,Member
4461,ktkr,642f79a1db01bdb201d4ce7aaec7bb44,Member
449530,Midflyinggard,969e34cd7633595b0b7506c278f1df71,Member
45937,xXK1T5UN3Xx,3cd6d6bcebd3d6c2c0f5c38c15309585,Member
461178,spikethefurry,d2a42d9169879dc5cc6e460da924d7cd,Member
467538,Hengist,db119625d5b9dd96285be85632c6e00a,Member
49990,budzbunny,ffb782459cddb79f5ef557e70185a059,Member
5129,Talderon,6ea024ee43529f2f7dbc9a658f3511c3,Member
521406,Snake-Girl,c23f41b59faee2187f40300874721b02,Member
529268,Meandmeonly,6381085a50b146107a72767c3d65efce,Member
531501,ThatWolfRio,d13c38f46a98a5c7283365a45b6893d1,Member
54760,Duraspaz,f2a9c78a6a1041dd04f0877a92ba930e,Member
55255,at0micsheep,e0a8dec360b1134b54b393e5055a7e98,Member
55747,Numeroth,e2026838755275784d2ad66a1edf545b,Member
563722,Noppes,64eac1dc8f1489746f33b3b112b0ec7b,Member
56468,Talissah,f9ff59c827d7ed900057f48586e54f8d,Member
57454,Genjar,279535846d95143017c13825afceb95a,Admin
5760,Chaser,9b07aab07b5fa3f77e5d1f86c9a43b97,Moderator
58,msc,d03669f5c488f298971eab8a42c738a8,Member
58258,Blastark,739a4b8342cd8facb541d1a2a0872abd,Member
582618,SagieTheFempyro,3541a10567e7c163e0f4024b0daea94e,Member
585769,Pooh98,19dc941cccc032f78ba862da353c1e43,Member
586672,ZeugmaSyllepsis,157d799fbbccd3ff2172e61470b6d9ad,Member
596267,pissenjoyer,40e4d444a54a383504a65dc69c72443f,Member
602924,DemonTheDarkHound,4eaa52e72017def247fe01fa2f9285fd,Member
60606,Shining Armor,d3bc6685156a868d22b73cd5c8293be1,Member
621476,OneTrueLoser,47e4b7f9192c94c97577e424637de8d5,Member
6241,DragonRanger,460a609e1f3bf93d6f46da73603f7887,Moderator
635642,Nimbkoll,958aaaa47d1dd6f69678ff6cc0567f68,Member
653359,DA1K1RA,18a2777d0b74c9a18e4e3b0b6c168d2d,Member
65774,Queen Tyr&#39;ahnee,b9d35a230ccf877a729dee0b923897d5,Moderator
66065,Olibur,34faafcbc400c56abd95a7a6402c3015,Member
683136,Yoneto,03730d138c60a9e04a9407530e50d336,Member
712936,DiscordTheGE,d04b800e4c6ae5faa66b58463f9882bf,Member
717753,okamiineko,455efd371c7cb42e01845c6065f60a94,Member
72260,shadowsex7,70eee568cce97f229b6cb84e47dc4585,Member
734179,zolun2,6b2ef0eec0f2111b39ec57308789ddce,Member
75652,dassBeta,2b278321a2f13a88b691628697507583,Member
76408,Recursion,12fa464a36f8e5a187f5acfde99b7029,Moderator
77800,tojothethief,169f2e8f458730f6bbdb2fe8c3c5ab40,Member
796824,RL2079,e6e4484fd371c4e7ec7b00a637c5c2ba,Member
799004,Moomis,59abe74cf917eaa9bf91376a0695fdf5,Member
830129,ZTheKitsune,e1c90298a5c325e85d97a49008d14576,Member
859938,NormalOrdinaryPerson,e9d1bbe5b982ea02f49b17768f791818,Member
868857,Plumfoam,55bd4ed1761b82cd8123f95951ff588c,Member
88543,unbs4636,9110d6944578abf9f166ec802c8b430a,Member
90148,Nightmare95,cf1c158929a0c75b312e3d8305136210,Member
904351,Virtakayttoinenkettu,ac5f9b778423abc197f58b49f19ef869,Member
934802,Benjiboyo,e45432dc21b9f9c56ccc78c97e86b939,Member
9391,ouenwoof,527b2d7ef31fe68f7430ad5b5f64f29f,Member
939619,ThomasWASD,339e1049a2c9ff7b1a7ed4dcd8b19580,Member
94865,Strikerman,b06d5916b11c85f6aedf00394c6aea85,Member
95927,lemongrab,14967e1a86c2bd259a11d9fa175e3945,Janitor
994484,twofaceddragon,248e1540df6b201d3ff1ce243bc06d58,Member
